-- phpMyAdmin SQL Dump
-- version 5.2.0
-- https://www.phpmyadmin.net/
--
-- Host: 127.0.0.1
-- Waktu pembuatan: 07 Jul 2022 pada 07.26
-- Versi server: 10.4.24-MariaDB
-- Versi PHP: 8.1.6

SET SQL_MODE = "NO_AUTO_VALUE_ON_ZERO";
START TRANSACTION;
SET time_zone = "+00:00";


/*!40101 SET @OLD_CHARACTER_SET_CLIENT=@@CHARACTER_SET_CLIENT */;
/*!40101 SET @OLD_CHARACTER_SET_RESULTS=@@CHARACTER_SET_RESULTS */;
/*!40101 SET @OLD_COLLATION_CONNECTION=@@COLLATION_CONNECTION */;
/*!40101 SET NAMES utf8mb4 */;

--
-- Database: `ecuti`
--

-- --------------------------------------------------------

--
-- Struktur dari tabel `cuti`
--

CREATE TABLE `cuti` (
  `id` int(11) NOT NULL,
  `nama_cuti` varchar(25) NOT NULL,
  `keterangan` varchar(150) NOT NULL,
  `created_at` datetime DEFAULT NULL,
  `updated_at` datetime DEFAULT NULL,
  `created_by` int(11) DEFAULT NULL,
  `updated_by` int(11) DEFAULT NULL
) ENGINE=InnoDB DEFAULT CHARSET=utf8mb4;

--
-- Dumping data untuk tabel `cuti`
--

INSERT INTO `cuti` (`id`, `nama_cuti`, `keterangan`, `created_at`, `updated_at`, `created_by`, `updated_by`) VALUES
(5, 'Cuti Tahunan', 'cuti-tahunan', '2022-04-04 10:20:20', NULL, NULL, NULL),
(6, 'Cuti Khusus', 'cuti-khusus', '2022-04-04 10:20:28', '2022-07-06 09:33:41', NULL, NULL);

-- --------------------------------------------------------

--
-- Struktur dari tabel `dept`
--

CREATE TABLE `dept` (
  `id` int(11) NOT NULL,
  `nama_dept` varchar(25) NOT NULL,
  `created_at` datetime DEFAULT NULL,
  `updated_at` datetime DEFAULT NULL,
  `created_by` int(11) DEFAULT NULL,
  `updated_by` int(11) DEFAULT NULL
) ENGINE=InnoDB DEFAULT CHARSET=utf8mb4;

--
-- Dumping data untuk tabel `dept`
--

INSERT INTO `dept` (`id`, `nama_dept`, `created_at`, `updated_at`, `created_by`, `updated_by`) VALUES
(1, 'Warehouse', '2022-03-31 08:48:02', '2022-03-31 08:59:42', NULL, NULL),
(2, 'Production', '2022-03-31 08:48:10', '2022-03-31 08:55:35', NULL, NULL),
(5, 'HRD', '2022-04-02 11:16:24', NULL, NULL, NULL),
(6, 'Management', '2022-04-02 11:16:39', NULL, NULL, NULL),
(7, 'PPIC', '2022-07-05 04:14:18', NULL, NULL, NULL),
(8, 'QC', '2022-07-05 04:14:25', NULL, NULL, NULL),
(9, 'Purchasing', '2022-07-05 04:14:47', NULL, NULL, NULL),
(10, 'IT', '2022-07-06 09:04:01', NULL, NULL, NULL),
(11, 'Maintenance', '2022-07-07 09:41:04', NULL, NULL, NULL);

-- --------------------------------------------------------

--
-- Struktur dari tabel `group`
--

CREATE TABLE `group` (
  `id` int(11) NOT NULL,
  `karyawan_id` int(11) NOT NULL,
  `dept_id` int(11) NOT NULL,
  `jabatan_id` int(11) NOT NULL,
  `atasan_1` int(11) DEFAULT NULL,
  `atasan_2` int(11) DEFAULT NULL,
  `atasan_3` int(11) DEFAULT NULL,
  `atasan_4` int(11) DEFAULT NULL,
  `atasan_5` int(11) DEFAULT NULL,
  `created_at` datetime DEFAULT NULL,
  `updated_at` datetime DEFAULT NULL,
  `created_by` int(11) DEFAULT NULL,
  `updated_by` int(11) DEFAULT NULL
) ENGINE=InnoDB DEFAULT CHARSET=utf8mb4;

--
-- Dumping data untuk tabel `group`
--

INSERT INTO `group` (`id`, `karyawan_id`, `dept_id`, `jabatan_id`, `atasan_1`, `atasan_2`, `atasan_3`, `atasan_4`, `atasan_5`, `created_at`, `updated_at`, `created_by`, `updated_by`) VALUES
(46, 80, 10, 9, NULL, NULL, NULL, NULL, NULL, '2022-07-06 09:04:23', NULL, NULL, NULL),
(51, 78, 6, 6, NULL, NULL, NULL, NULL, NULL, '2022-07-06 10:55:02', NULL, NULL, NULL),
(62, 61, 6, 7, NULL, NULL, NULL, NULL, NULL, '2022-07-07 09:32:39', NULL, NULL, NULL),
(63, 35, 5, 10, NULL, NULL, NULL, NULL, NULL, '2022-07-07 09:32:57', NULL, NULL, NULL),
(64, 19, 10, 8, NULL, NULL, NULL, NULL, NULL, '2022-07-07 09:34:39', NULL, NULL, NULL),
(65, 57, 9, 10, NULL, NULL, NULL, NULL, NULL, '2022-07-07 09:34:52', NULL, NULL, NULL),
(66, 47, 7, 10, NULL, NULL, NULL, NULL, NULL, '2022-07-07 09:35:03', NULL, NULL, NULL),
(67, 60, 7, 10, NULL, NULL, NULL, NULL, NULL, '2022-07-07 09:35:16', NULL, NULL, NULL),
(68, 49, 8, 10, NULL, NULL, NULL, NULL, NULL, '2022-07-07 09:35:29', NULL, NULL, NULL),
(69, 9, 8, 5, NULL, NULL, NULL, NULL, NULL, '2022-07-07 09:35:57', NULL, NULL, NULL),
(70, 34, 8, 4, NULL, NULL, NULL, NULL, NULL, '2022-07-07 09:36:10', NULL, NULL, NULL),
(71, 21, 8, 4, NULL, NULL, NULL, NULL, NULL, '2022-07-07 09:36:24', NULL, NULL, NULL),
(72, 52, 8, 3, NULL, NULL, NULL, NULL, NULL, '2022-07-07 09:36:41', NULL, NULL, NULL),
(73, 27, 8, 3, NULL, NULL, NULL, NULL, NULL, '2022-07-07 09:37:08', NULL, NULL, NULL),
(74, 45, 8, 3, NULL, NULL, NULL, NULL, NULL, '2022-07-07 09:37:51', NULL, NULL, NULL),
(75, 38, 1, 3, NULL, NULL, NULL, NULL, NULL, '2022-07-07 09:38:34', NULL, NULL, NULL),
(76, 28, 1, 3, NULL, NULL, NULL, NULL, NULL, '2022-07-07 09:38:45', NULL, NULL, NULL),
(77, 24, 1, 3, NULL, NULL, NULL, NULL, NULL, '2022-07-07 09:38:55', NULL, NULL, NULL),
(78, 58, 1, 3, NULL, NULL, NULL, NULL, NULL, '2022-07-07 09:39:07', NULL, NULL, NULL),
(79, 51, 1, 3, NULL, NULL, NULL, NULL, NULL, '2022-07-07 09:39:21', NULL, NULL, NULL),
(80, 10, 2, 4, NULL, NULL, NULL, NULL, NULL, '2022-07-07 09:39:51', NULL, NULL, NULL),
(81, 29, 2, 4, NULL, NULL, NULL, NULL, NULL, '2022-07-07 09:40:10', NULL, NULL, NULL),
(82, 16, 2, 4, NULL, NULL, NULL, NULL, NULL, '2022-07-07 09:40:25', NULL, NULL, NULL),
(83, 32, 2, 5, NULL, NULL, NULL, NULL, NULL, '2022-07-07 09:40:38', NULL, NULL, NULL),
(84, 7, 11, 4, NULL, NULL, NULL, NULL, NULL, '2022-07-07 09:41:26', NULL, NULL, NULL),
(85, 55, 11, 5, NULL, NULL, NULL, NULL, NULL, '2022-07-07 09:41:44', NULL, NULL, NULL),
(86, 20, 11, 3, NULL, NULL, NULL, NULL, NULL, '2022-07-07 09:41:59', NULL, NULL, NULL),
(87, 65, 11, 3, NULL, NULL, NULL, NULL, NULL, '2022-07-07 09:42:16', NULL, NULL, NULL),
(89, 63, 2, 1, NULL, NULL, NULL, NULL, NULL, '2022-07-07 09:43:35', NULL, NULL, NULL),
(90, 41, 2, 1, NULL, NULL, NULL, NULL, NULL, '2022-07-07 09:43:50', NULL, NULL, NULL),
(92, 36, 2, 3, NULL, NULL, NULL, NULL, NULL, '2022-07-07 09:44:21', NULL, NULL, NULL),
(93, 37, 2, 1, NULL, NULL, NULL, NULL, NULL, '2022-07-07 09:44:36', NULL, NULL, NULL),
(95, 13, 2, 3, NULL, NULL, NULL, NULL, NULL, '2022-07-07 09:45:07', NULL, NULL, NULL),
(96, 42, 2, 1, NULL, NULL, NULL, NULL, NULL, '2022-07-07 09:45:25', NULL, NULL, NULL),
(97, 15, 2, 3, NULL, NULL, NULL, NULL, NULL, '2022-07-07 09:45:50', NULL, NULL, NULL),
(99, 30, 2, 3, NULL, NULL, NULL, NULL, NULL, '2022-07-07 09:46:23', NULL, NULL, NULL),
(100, 14, 2, 3, NULL, NULL, NULL, NULL, NULL, '2022-07-07 09:46:37', NULL, NULL, NULL),
(101, 46, 2, 10, NULL, NULL, NULL, NULL, NULL, '2022-07-07 09:46:52', NULL, NULL, NULL),
(102, 50, 2, 1, NULL, NULL, NULL, NULL, NULL, '2022-07-07 09:47:14', NULL, NULL, NULL),
(104, 25, 2, 3, NULL, NULL, NULL, NULL, NULL, '2022-07-07 09:47:47', NULL, NULL, NULL),
(105, 79, 2, 3, NULL, NULL, NULL, NULL, NULL, '2022-07-07 09:48:07', NULL, NULL, NULL),
(106, 43, 2, 1, NULL, NULL, NULL, NULL, NULL, '2022-07-07 09:48:28', NULL, NULL, NULL),
(107, 53, 2, 1, NULL, NULL, NULL, NULL, NULL, '2022-07-07 09:48:47', NULL, NULL, NULL),
(108, 8, 2, 3, NULL, NULL, NULL, NULL, NULL, '2022-07-07 09:49:07', NULL, NULL, NULL),
(110, 18, 2, 3, NULL, NULL, NULL, NULL, NULL, '2022-07-07 09:49:44', NULL, NULL, NULL),
(112, 12, 2, 3, NULL, NULL, NULL, NULL, NULL, '2022-07-07 09:50:54', NULL, NULL, NULL),
(113, 11, 2, 3, NULL, NULL, NULL, NULL, NULL, '2022-07-07 09:51:12', NULL, NULL, NULL),
(115, 59, 2, 1, NULL, NULL, NULL, NULL, NULL, '2022-07-07 09:52:17', NULL, NULL, NULL),
(117, 44, 8, 3, NULL, NULL, NULL, NULL, NULL, '2022-07-07 09:52:59', NULL, NULL, NULL),
(118, 17, 2, 3, NULL, NULL, NULL, NULL, NULL, '2022-07-07 09:53:29', NULL, NULL, NULL),
(119, 48, 2, 1, NULL, NULL, NULL, NULL, NULL, '2022-07-07 09:53:55', NULL, NULL, NULL),
(120, 62, 1, 10, NULL, NULL, NULL, NULL, NULL, '2022-07-07 11:52:40', NULL, NULL, NULL),
(121, 39, 2, 1, NULL, NULL, NULL, NULL, NULL, '2022-07-07 11:58:02', NULL, NULL, NULL),
(122, 66, 2, 1, NULL, NULL, NULL, NULL, NULL, '2022-07-07 11:58:55', NULL, NULL, NULL),
(123, 31, 2, 1, NULL, NULL, NULL, NULL, NULL, '2022-07-07 11:59:30', NULL, NULL, NULL),
(124, 33, 2, 1, NULL, NULL, NULL, NULL, NULL, '2022-07-07 12:00:02', NULL, NULL, NULL),
(125, 67, 2, 1, NULL, NULL, NULL, NULL, NULL, '2022-07-07 12:00:44', NULL, NULL, NULL),
(126, 54, 2, 1, NULL, NULL, NULL, NULL, NULL, '2022-07-07 12:01:21', NULL, NULL, NULL),
(127, 64, 2, 1, NULL, NULL, NULL, NULL, NULL, '2022-07-07 12:02:31', NULL, NULL, NULL),
(128, 56, 2, 1, NULL, NULL, NULL, NULL, NULL, '2022-07-07 12:03:47', NULL, NULL, NULL),
(129, 69, 2, 1, NULL, NULL, NULL, NULL, NULL, '2022-07-07 12:05:06', NULL, NULL, NULL);

-- --------------------------------------------------------

--
-- Struktur dari tabel `jabatan`
--

CREATE TABLE `jabatan` (
  `id` int(11) NOT NULL,
  `nama_jabatan` varchar(25) NOT NULL,
  `jobdesc` varchar(150) NOT NULL,
  `created_at` datetime DEFAULT NULL,
  `updated_at` datetime DEFAULT NULL,
  `created_by` int(11) DEFAULT NULL,
  `updated_by` int(11) DEFAULT NULL
) ENGINE=InnoDB DEFAULT CHARSET=utf8mb4;

--
-- Dumping data untuk tabel `jabatan`
--

INSERT INTO `jabatan` (`id`, `nama_jabatan`, `jobdesc`, `created_at`, `updated_at`, `created_by`, `updated_by`) VALUES
(1, 'Helper', 'Membantu orang lain', '2022-03-31 09:06:09', '2022-03-31 09:08:55', NULL, NULL),
(3, 'Operator', 'Mengoperasikan pesawat tempur rusia', '2022-03-31 09:08:04', '2022-03-31 09:08:43', NULL, NULL),
(4, 'Leader', 'Memimpin pasukan romawi', '2022-03-31 09:08:13', NULL, NULL, NULL),
(5, 'Supervisor', 'Memastikan kinerja leader sesuai dengan tugasnya', '2022-04-02 10:46:16', NULL, NULL, NULL),
(6, 'Manager', 'Mengatur orang banyak', '2022-04-02 10:46:34', NULL, NULL, NULL),
(7, 'Factory Manager', 'Mengatur pabrik', '2022-04-02 10:47:07', NULL, NULL, NULL),
(8, 'Staff', 'Mengurus administrasi', '2022-04-02 10:47:21', '2022-04-02 10:48:10', NULL, NULL),
(9, 'Admin Sistem', 'Memastikan semua fungsionalitas sistem berjalan dengan baik', '2022-07-06 09:02:45', NULL, NULL, NULL),
(10, 'Admin', 'Mengatur administrasi', '2022-07-07 09:29:41', NULL, NULL, NULL);

-- --------------------------------------------------------

--
-- Struktur dari tabel `jurusan`
--

CREATE TABLE `jurusan` (
  `id` int(11) NOT NULL,
  `nama_jurusan` varchar(100) NOT NULL,
  `created_at` datetime DEFAULT NULL,
  `updated_at` datetime DEFAULT NULL,
  `created_by` int(11) DEFAULT NULL,
  `updated_by` int(11) DEFAULT NULL
) ENGINE=InnoDB DEFAULT CHARSET=utf8mb4;

--
-- Dumping data untuk tabel `jurusan`
--

INSERT INTO `jurusan` (`id`, `nama_jurusan`, `created_at`, `updated_at`, `created_by`, `updated_by`) VALUES
(1, 'Teknik Otomotif', '2022-03-31 09:38:05', NULL, NULL, NULL),
(2, 'Teknik Komputer Jaringan', '2022-03-31 09:38:12', NULL, NULL, NULL),
(3, 'Teknik Industri', '2022-03-31 09:38:21', NULL, NULL, NULL);

-- --------------------------------------------------------

--
-- Struktur dari tabel `karyawan`
--

CREATE TABLE `karyawan` (
  `id` int(11) NOT NULL,
  `pendidikan_id` int(11) NOT NULL,
  `jurusan_id` int(11) NOT NULL,
  `nrp` varchar(15) NOT NULL,
  `nik` varchar(16) NOT NULL,
  `nama` varchar(50) NOT NULL,
  `tempat_lahir` varchar(50) NOT NULL,
  `tgl_lahir` date NOT NULL,
  `jenkel` enum('L','P') NOT NULL,
  `agama` enum('Islam','Katolik','Protestan','Hindu','Buddha','Konghucu') NOT NULL,
  `alamat` varchar(150) NOT NULL,
  `status_perkawinan` enum('0','1') NOT NULL,
  `no_kk` varchar(20) NOT NULL,
  `no_hp` varchar(15) NOT NULL,
  `email` varchar(50) DEFAULT NULL,
  `ibu_kandung` varchar(20) NOT NULL,
  `ayah_kandung` varchar(20) NOT NULL,
  `bpjs_tk` varchar(20) DEFAULT NULL,
  `bpjs_ks` varchar(20) DEFAULT NULL,
  `npwp` varchar(20) DEFAULT NULL,
  `hak_cuti_tahunan` decimal(10,0) DEFAULT 0,
  `created_at` datetime DEFAULT NULL,
  `updated_at` datetime DEFAULT NULL,
  `created_by` int(11) DEFAULT NULL,
  `updated_by` int(11) DEFAULT NULL
) ENGINE=InnoDB DEFAULT CHARSET=utf8mb4;

--
-- Dumping data untuk tabel `karyawan`
--

INSERT INTO `karyawan` (`id`, `pendidikan_id`, `jurusan_id`, `nrp`, `nik`, `nama`, `tempat_lahir`, `tgl_lahir`, `jenkel`, `agama`, `alamat`, `status_perkawinan`, `no_kk`, `no_hp`, `email`, `ibu_kandung`, `ayah_kandung`, `bpjs_tk`, `bpjs_ks`, `npwp`, `hak_cuti_tahunan`, `created_at`, `updated_at`, `created_by`, `updated_by`) VALUES
(7, 2, 1, '1603002', '3310140104940002', 'RIZKY AGUNG NUGROHO', 'KLATEN', '1994-01-04', 'L', 'Islam', 'Tegalan RT.006/002,Juwiran,Juwiring,Klaten,Jawa Tengah', '1', '3310141606060012', '0822 9733 4090', 'persada_rizky@yahoo.', 'HARYANTI', 'SLAMET MULYONO', '17014930253', '0001516400785', '98.335.606.4-525.000', '12', '2022-04-13 01:38:13', '2022-04-13 01:40:10', NULL, NULL),
(8, 1, 1, '1604003', '1672051202920001', 'NURASID', 'PAGAR ALAM', '1992-02-12', 'L', 'Islam', 'Sukajadi RT.003/001,Pelang Kenidai,Dempo Tengah,Kota Pagar Alam,Sumatera Selatan', '1', '1672052110090004', '0812 8250 5952', 'nurasid8@gmail.com', 'SUTIYAH', 'KUAT', '17014930279', '0001737314021', '72.504.234.5-309.000', '12', '2022-04-13 01:42:21', NULL, NULL, NULL),
(9, 1, 1, '1608004', '3215012705790002', 'MUHAMAD YUSUF AMRI', 'BOGOR', '1979-05-27', 'L', 'Islam', 'Perum Graha Puspa Blok C1/24 RT.002/003,Karangpawitan,Karawang Barat, Karawang', '1', '3215010712110056', '0821 10711737', 'muhamadyusufamri@gma', 'SITI CHAERANI`', 'YEYE SETIADI', '17014930295', '0002061236362', '49.626.961.4-433.000', '12', '2022-04-13 01:44:04', NULL, NULL, NULL),
(10, 1, 1, '1608005', '3215252812790001', 'WAKIRNO', 'BANTUL', '1979-12-28', 'L', 'Islam', 'Perum Rancamanyar Blok J5 No.13 RT.006/007,Wancimekar,Kota Baru, Karawang', '1', '3215251104120069', '0812 8402 5555', 'wakirnojogja@gmail.c', 'SUMIJEM', 'PRIYO WINARSO', '17014930303', '0002211229822', '59.177.748.7-433.000', '12', '2022-04-13 01:45:19', NULL, NULL, NULL),
(11, 1, 1, '1608006', '3215251602740002', 'ROPA\'I', 'KUNINGAN', '1974-02-16', 'L', 'Islam', 'Perum Rancamanyar Blok F7/3 RT.005/007,Wancimekar,Kotabaru,Karawang', '1', '3215251411070067', '0897 6716 987', 'pay.ropai@gmail.com', 'TITI', 'KURDI', '17014930311', '0002211233747', '49.627.005.9-433.000', '12', '2022-04-13 01:46:42', NULL, NULL, NULL),
(12, 1, 1, '1608007', '3215031701800001', 'ROMMI', 'KARAWANG', '1990-01-17', 'L', 'Islam', 'Dusun V Pakuncen RT.001/006, Sukaharja,Telukjambe Timur,Karawang', '0', '3215030503100005', '0813 8072 2443', 'romibfi@gmail.com', 'ACEM', 'RONNI', '17014930329', '0002211265405', '59.093.107.7-408.000', '12', '2022-04-13 01:48:08', NULL, NULL, NULL),
(13, 1, 1, '1608008', '3215273012900004', 'DEDI DARMAWAN', 'KARAWANG', '1990-12-30', 'L', 'Islam', 'Kampek RT.005/002,Karangligar,Telukjambe Barat,Karawang', '1', '3215271202140009', '0813 1080 3257', 'dedi.darmawan071@gma', 'DACIH', 'KINING', '17014930337', '0002211270445', '46.189.304.2-408.000', '12', '2022-04-13 01:49:36', NULL, NULL, NULL),
(14, 1, 1, '1609009', '3527061210940007', 'HUDAIBY ABDILLAH', 'SAMPANG', '1994-06-24', 'L', 'Islam', 'Babakan Puseur Jaya RT.001/004, Telukjambe,Telukjambe Timur,Karawang', '1', '3215031111150012', '0813 8482 1856', 'hudaiby024@gmail.com', 'HALIMAH', 'RUSDI ALM', '17014930360', '0002211287321', '76.038.329.9-408.000', '12', '2022-04-13 01:51:02', NULL, NULL, NULL),
(15, 1, 1, '1609010', '3215031109950003', 'EDI HASANNUDIN', 'KARAWANG', '1995-09-11', 'L', 'Islam', 'Dsn.Sukatani RT.008/004, Pinayungan,Telukjambe Timur,Karawang', '1', '3215150102160001', '0812 8848 7368', 'bio.r710@gmail.com', 'ADE PARIQOH', 'SULAEMAN', '17014930394', '0001010585979', '34.346.545.6-433.000', '12', '2022-04-13 01:52:23', NULL, NULL, NULL),
(16, 1, 1, '1610012', '3271030207900011', 'HAMDANI SYOFYAN', 'BOGOR', '1990-07-02', 'L', 'Islam', 'Lebak Sari RT.003/003, Kel.Paledang, Kota Bogor Tengah, Bogor', '1', '3271030602180002', '0812 8994 7188', 'daniisyf7@gmail.com', 'MAAH MARYANI', 'UJANG SEPRIANA', '17014930402', '0001659511258', '78.318.851.9-404.000', '12', '2022-04-13 01:53:29', NULL, NULL, NULL),
(17, 1, 1, '1610014', '3216232403890001', 'UJANG SUPARDI', 'BEKASI', '1989-03-24', 'L', 'Islam', 'Kp.Cireundeu RT.006/002,Sukabungah,Bojongmangu,Bekasi', '1', '3216231501140001', '0812 9025 4402', 'atot7711@gmail.com', 'ENIH', 'ASDI', '17014930428', '0001737314054', '98.661.443.6-413.000', '12', '2022-04-13 01:54:42', NULL, NULL, NULL),
(18, 1, 1, '1610015', '3213202011890001', 'RASPIN', 'SUBANG', '1989-11-20', 'L', 'Islam', 'Kp.Kosar 2 RT.009/004,Kosar,Cipeundeuy,Subang', '1', '3213201710140003', '0813 2360 0636', 'apinksr2@gmail.com', 'RESTI', 'EMBON DARLI', '17014930436', '0001737314032', '98.107.059.2-439.000', '12', '2022-04-13 01:56:14', NULL, NULL, NULL),
(19, 1, 1, '1610016', '3215010308940006', 'DZIKRI NUR AKBAR', 'KARAWANG', '1994-08-03', 'L', 'Islam', 'Paracis RT.002/011,Tanjungpura,Karawang Barat', '1', '3215011810100004', '0882 9337 8351', 'dzikrinurakbar94@gma', 'LILIS WAHYUNINGSIH', 'WIDI ISMARA', '17014930238', '0001637453349', '64.283.211.7-408.000', '12', '2022-04-13 01:57:21', NULL, NULL, NULL),
(20, 1, 1, '1610017', '3215272104790003', 'SAMIN', 'BEKASI', '1979-04-21', 'L', 'Islam', 'Cijambe RT.014/005,Margakaya,Telukjambe Barat,Karawang', '1', '3215273007120007', '0858 1386 3224', 'samindoang512@gmail.', 'KASIH', 'BANAN', '17014930451', '0002211276003', '81.629.902.8-408.000', '12', '2022-04-13 01:58:35', NULL, NULL, NULL),
(21, 1, 1, '1701021', '3215260604880003', 'SAEFUL ROHMAN', 'KARAWANG', '1988-04-06', 'L', 'Islam', 'Mekarjaya II RT.002/013,Adiarsa Timur,Karawang Timur, Karawang', '1', '3215262404120011', '0857 1992 4355', 'saefulr88@gmail.com', 'ISYE KARLINA R', 'ACHMAD CHOTIB', '17014930501', '0001661164817', '78.297.001.6-408.000', '12', '2022-04-13 01:59:50', NULL, NULL, NULL),
(22, 1, 1, '1703022', '3215062601950001', 'NATANAEL KARTA SUNAJAYA', 'KARAWANG', '1995-01-26', 'L', 'Katolik', 'Pulosari RT.017/005,Kalangsurya,Rengasdengklok,Karawang', '0', '3215061903120045', '0855 8825 950', 'natanaelkartasunajay', 'YOHANA', 'YUSUF KARTA', '15028080073', '0001278146575', '70.614.670.1-408.000', '12', '2022-04-13 02:00:59', NULL, NULL, NULL),
(23, 1, 1, '1704023', '3216134101930010', 'KOKOM KOMALASARI', 'BEKASI', '1993-01-01', 'P', 'Islam', 'Kp.Pintu RT.003/004,Bantarjaya,Pebayuran,Bekasi', '1', '3216132507160009', '0838 9183 4043', 'komkomalasri93@gmail', 'ACIH SUWARSIH', 'IMAN', '18052624048', '0002474380866', '69.331.986.5-414.000', '12', '2022-04-13 02:02:08', NULL, NULL, NULL),
(24, 1, 1, '1708024', '3212220908910001', 'SARTONO', 'INDRAMAYU', '1991-08-09', 'L', 'Islam', 'Blok Segeran RT.008/002, Margamulya, Bongas, Indramayu', '1', '3212221510080040', '0821 1528 9852', 'stono5289@gmail.com', 'TARYATI', 'DURSI', '16029734445', '0000471574585', '89.800.767.9-437.000', '12', '2022-04-13 02:03:12', NULL, NULL, NULL),
(25, 1, 1, '1709025', '3215013110900001', 'MARNO SUPRIYADI', 'KARAWANG', '1991-10-31', 'L', 'Islam', 'Kp.Lengo RT.001/014, Tanjungpura, Karawang Barat, Karawang', '1', '3215012812130007', '0831 9399 7692', 'marnosupriyadi@gmail', 'RATNENGSIH', 'SUHENDI', '11013971335', '0001314927652', '88.941.559.2-408.000', '12', '2022-04-13 02:04:25', NULL, NULL, NULL),
(26, 1, 1, '1709026', '3215272612880001', 'ARIPIN', 'KARAWANG', '1988-12-26', 'L', 'Islam', 'Calung RT.004/001, Karangmulya, Telukjambe Barat, Karawang', '1', '3215270609070010', '0823 1116 1301', 'arifpandawa46@gmail.', 'ATI', 'BOHIM JAPRA', '18011866169', '0001010318242', '83.239.419.1-408.000', '12', '2022-04-13 02:05:34', NULL, NULL, NULL),
(27, 1, 1, '1710027', '3215011111850005', 'NANA SURYANA', 'KARAWANG', '1985-11-11', 'L', 'Islam', 'Dusun Teluk Mungkal RT.001/010, Tanjung Mekar, Karawang Barat, Karawang', '1', '3215012305100014', '0858 8303 0325', 'suryana11nana@gmail.', 'SITI ROHMAH', 'SANUSI', '17036945685', '0002305743647', '78.296.997.6-408.000', '12', '2022-04-13 02:06:43', NULL, NULL, NULL),
(28, 1, 1, '1711028', '3215252801760002', 'ACHMAD SYARIFUDIN', 'JAKARTA', '1978-01-28', 'L', 'Islam', 'Perum Rancamanyar Blok G4/20 RT.004/007, Wancimekar, Kotabaru, Karawang', '1', '3215250705100037', '0878 8525 3053', 'achmad.sarifudun@gma', 'MARYAM', 'SA\'ARI', '17062301472', '0002316242867', '49.626.499.5-003.000', '12', '2022-04-13 02:07:45', NULL, NULL, NULL),
(29, 1, 1, '1801029', '3172052306750001', 'AGUNG SULISTIONO', 'JAKARTA', '1975-06-23', 'L', 'Islam', 'Jl.Lodan Dalam VI RT.002/001, Ancol, Pademangan, Jakarta Utara', '1', '3172050601091064', '0896 3787 4272', 'agungsulistiono75@gm', 'SITI MUDIKAH', 'SUWARSONO', '18052624030', '0001636800197', '67.259.913.1-044.000', '12', '2022-04-13 02:09:22', NULL, NULL, NULL),
(30, 1, 1, '1801030', '3215052008800011', 'HASANUDIN', 'JAKARTA', '1980-08-20', 'L', 'Islam', 'Perum Karawang Jaya RT.040/016, Gintungkerta, Klari, Karawang', '1', '3215052808120122', '0852 1628 4539', 'hasanudinh076@gmail.', 'ROHANAH', 'IIM', '18067330219', '0002277523991', '49.625.321.2-075.000', '12', '2022-04-13 02:10:32', NULL, NULL, NULL),
(31, 1, 1, '1808033', '3215271310790003', 'DATING', 'KARAWANG', '1979-10-13', 'L', 'Islam', 'Cijambe RT.014/005,Margakaya,Telukjambe Barat,Karawang', '1', '3215271412110001', '0857 1461 6332', 'pakdating6@gmail.com', 'ENTI', 'KASAN', '19023231814', '0001149919119', '72.813.288.7-408.000', '12', '2022-04-13 02:11:40', NULL, NULL, NULL),
(32, 1, 1, '1809034', '3404110103840001', 'AGUNG WIDIADMOKO', 'KAYU AGUNG', '1984-03-01', 'L', 'Islam', 'Sono Malangrejo RT.001/033,Wedomartani,Ngemplak,Sleman,Diy', '1', '3404111102057914', '0882 1273 1585', 'agungwidiadmoko@gmai', 'JUMIRAH', 'SARYANA', '17014930246', '0001035766091', '68.192.850.3-542.000', '12', '2022-04-13 02:12:47', NULL, NULL, NULL),
(33, 1, 1, '1812035', '3215232106940005', 'GUGUN GUNAWAN', 'KARAWANG', '1994-06-21', 'L', 'Islam', 'Pengasinan RT.002/001, Langensari, Cilamaya Kulon, Karawang', '1', '3215230205180002', '0881 0248 92641', 'gugungunawan97722@gm', 'SALEM', 'YUSUP MAULANA', '19040617201', '0001653779147', '85.107.472.4-433.000', '12', '2022-04-13 02:13:49', NULL, NULL, NULL),
(34, 1, 1, '1902036', '3215012501790001', 'KUSNANDI', 'SUMEDANG', '1979-01-25', 'L', 'Islam', 'Graha Puspa Blok AA4 No.16 RT.001/RW.003, Karangpawitan, Karawang Barat, Karawang', '1', '3215012707070102', '0812 1313 9621', 'koesnandye@gmail.com', 'TITI', 'KARSAWI', '19058383365', '0001966135533', '49.625.992.0-004.000', '12', '2022-04-13 02:14:55', NULL, NULL, NULL),
(35, 1, 1, '1905037', '3215037011980001', 'JUWITA NOVITASARI', 'KARAWANG', '1988-11-30', 'P', 'Islam', 'Dusun babakan isam RT.001/001, Sukaharja, Telukjambe Timur, Karawang', '0', '3215032002100007', '0856 9790 5882', 'juwietha.siska@gmail', 'AWIT', 'DJUAMSAH', '19082466566', '0001668246298', '86.191.359.8-408.000', '12', '2022-04-13 02:16:21', NULL, NULL, NULL),
(36, 1, 1, '1907038', '3215131402770003', 'ARIS RISWANDI', 'KUNINGAN', '1977-02-14', 'L', 'Islam', 'Perum Griya Citra Persada Blok U -7 RT.01/010, Dawuan Timur, Cikampek', '1', '3215130712070119', '0855 1781 812', 'riswandi7700@gmail.c', 'NONOH N', 'ROHIM N', '20001870359', '0001522356243', '49.626.871.5-433.000', '12', '2022-04-13 02:17:31', NULL, NULL, NULL),
(37, 1, 1, '1907039', '3215010406960010', 'ASEP RIKY', 'KARAWANG', '1996-06-04', 'L', 'Islam', 'Kp.Tanjung Sari RT.002/020, Karangpawitan, Karawang Barat, Karawang', '1', '3215012102170011', '0812 8925 6993', 'asepriky04@gmail.com', 'TASAH', 'MIRTA', '20001859519', '0001661326751', '70.467.187.4-408.000', '12', '2022-04-13 02:18:58', NULL, NULL, NULL),
(38, 1, 1, '1907041', '3215011705980001', 'HANDIKA', 'KARAWANG', '1998-05-17', 'L', 'Islam', 'Gempol Rawa RT.002/004, Tanjungpura, Karawang Barat', '0', '3215011109070001', '0838 1520 4045', 'andikaucok88@gmail.c', 'KARNESAH', 'UKAR BURHANI', '20001870433', '0001778125972', '80.679.172.9-408.000', '12', '2022-04-13 02:19:54', NULL, NULL, NULL),
(39, 1, 1, '1907042', '3215220705960006', 'AGENG SETIAWAN', 'KARAWANG', '1996-05-07', 'L', 'Buddha', 'DUSUN CIBENDA RT011/003, MAKMURJAYA, JAYAKERTA, KARAWANG', '1', '3215220208070017', '0856 9549 5403', 'setiawanageng58@gmai', 'ARUYANI', 'WARSAN', '20009176775', '0002038998251', '73.819.624.5-408.000', '12', '2022-04-13 02:20:51', NULL, NULL, NULL),
(40, 1, 1, '1908044', '3215050312720001', 'SUGIYONO', 'MADIUN', '1972-12-03', 'L', 'Islam', 'PERUM TERANG SARI BLOK C8/09 RT.007/005, CIBALONGSARI, KLARI, KARAWANG', '1', '3215052502080281', '0815 8591 7594', 'sugiyonolembusuro@gm', 'SRI ATUN', 'SUMIRAN', '20018489094', '0002211086979', '49.627.066.1-408.000', '12', '2022-04-13 02:22:00', NULL, NULL, NULL),
(41, 1, 1, '1908045', '3215050512960004', 'AHMAD KOSIM', 'KARAWANG', '1996-12-05', 'L', 'Islam', 'DUSUN LIO RT.002/003, SUKAMAHI, KLARI, KARAWANG', '0', '3215051008070015', '0878 6888 4512', 'madkosim5@gmail.com', 'HJ ENTI', 'H SAKIM', '20018489102', '0001796993245', '80.131.953.4-433.000', '12', '2022-04-13 02:23:00', NULL, NULL, NULL),
(42, 1, 1, '1908046', '3215272411920001', 'DEDI HANAPI', 'KARAWANG', '1992-11-24', 'L', 'Islam', 'PAMILAHAN RT.005/003, MEKARMULYA, TELUKJAMBE BARAT, KARAWANG', '1', '3215272408070055', '0858 8197 5853', 'antarejaantareja24@g', 'ANAH', 'ROHMAN', '20018489110', '0000480975107', '92.636.971.1-408.000', '12', '2022-04-13 02:24:10', NULL, NULL, NULL),
(43, 1, 1, '1910047', '3603310809850003', 'MUNAWIR', 'KARAWANG', '1985-09-08', 'L', 'Islam', 'KP. KACEOT BENTENG JAYA RT 002/ 014 KEL. TUNGGAK JATI KEC. KARAWANG BARAT, KARAWANG', '1', '3215012304140022', '0895 6030 51515', 'munnawirhumaedi@gmai', 'MISI', 'MURDANI', '20066464585', '0003131689522', '95.418.586.4-408.000', '12', '2022-04-13 02:25:06', NULL, NULL, NULL),
(44, 1, 1, '1910049', '3206341111970002', 'TARDIANA', 'TASIKMALAYA', '1997-11-12', 'L', 'Islam', 'KP. CIINJUK RT 03 RW 01 DESA MANGGUNGSARI KEC. RAJAPOLAH KAB. TASIKMALAYA', '0', '3206340209058178', '0895 3461 27872', 'TARDIANA101012@GMAIL', 'SAADAH', 'NANA', '20066464627', '0001776684982', '76.550.166.3-425.000', '12', '2022-04-13 02:26:30', NULL, NULL, NULL),
(45, 1, 1, '1910050', '3215030909970003', 'ROMI SARIPUDIN', 'KARAWANG', '1997-09-19', 'L', 'Islam', 'DUSUN BABAKAN RT 004/001,PUSEURJAYA, TELUKJAMBE TIMUR, KARAWANG', '0', '3215031511070308', '0858 1111 7091', 'romisaripudin@gmail.', 'UYUM', 'H.AHMAD HIDAYAT', '20066464643', '0002262722872', '76.206.691.8-408.000', '12', '2022-04-13 02:27:35', NULL, NULL, NULL),
(46, 1, 1, '1911052', '3173084412961002', 'INTAN PERMATASARI', 'KARAWANG', '1996-12-04', 'P', 'Islam', 'CINAGOH BARAT II RT 003/007 KARAWANG WETAN, KARAWANG TIMUR, KARAWANG', '0', '3215262908180018', '0896 7735 0734', 'INTANS770@GMAIL.COM', 'SRI RAHAYU', 'SUMARJI', '20066464551', '', '86.945.007.2-408.000', '12', '2022-04-13 02:28:48', NULL, NULL, NULL),
(47, 1, 1, '1911053', '3210134406990041', 'LIA NURJANAH', 'MAJALENGKA', '1999-06-04', 'P', 'Islam', 'BLOK SAPTU RT 002/003 DESA HEULEUT KEC KADIPATEN, MAJALENGKA', '0', '3210130903070046', '0813 1695 5329', 'lianurjanah04@gmail.', 'OPI ROPIAH', 'SUMA', '20066464593', '0001779384903', '82.252.919.4-438.000', '12', '2022-04-13 02:30:08', NULL, NULL, NULL),
(48, 1, 1, '1912055', '3215092302980002', 'YANDRI INJAGI GEOVANI', 'KARAWANG', '1998-02-23', 'L', 'Islam', 'DUSUN PILANG RT 003/001 DESA TAMBAKSARI KEC TIRTAJAYA, KARAWANG', '1', '3215090806090093', '0857 1946 7309', 'yandricindygeovani@g', 'LILIH', 'KARMIN', '20066464569', '', '80.762.628.8-408.000', '12', '2022-04-13 02:31:06', NULL, NULL, NULL),
(49, 1, 1, '2001057', '3215256403980001', 'SISKA MILDA WIDYALESTARI', 'JAKARTA', '1998-03-28', 'P', 'Islam', 'P.PMI 2 BLOK CC 5/12 RT 002/005 DESA PANGULAH UTARA KEC KOTA BARU, KARAWANG', '0', '3215252106110035', '0821 3449 2493', 'sskmilda@gmail.com', 'SURAHYUNI', 'KARSIM', '20066464635', '0001606620892', '93.039.868.0-433.000', '12', '2022-04-13 02:32:08', NULL, NULL, NULL),
(50, 1, 1, '2001058', '3305152410940001', 'IRVAN WAHYUDIN', 'KEBUMEN', '1994-10-24', 'L', 'Islam', 'DK. BUGEL RT 002/002 DESA TAMBAHARJO KEC ADIMULYO, KEBUMEN', '1', '3305152909110020', '0855 4010 0167', 'irvanwahyudin9@gmail', 'MUSLIAH', 'SYAFRUDIN', '20066464601', '', '55.880.325.0-523.000', '12', '2022-04-13 02:33:16', NULL, NULL, NULL),
(51, 1, 1, '2001059', '3205192004900002', 'TEDI CANDRA', 'GARUT', '1990-04-20', 'L', 'Islam', 'Jl. JATI MULYA RT 001/005 DESA SUKAHARJA KEC TELUK JAMBE TIMUR, KARAWANG', '1', '3215032601160001', '0811 1247 464', 'Tedi.lasut@gmail.com', 'ADE HASANAH', 'ANO', '20066464619', '0002249064134', '46.730.383.0-408.000', '12', '2022-04-13 02:34:17', NULL, NULL, NULL),
(52, 1, 1, '2001060', '3215271005930004', 'SUPRIADI ZARATUL AZIZ', 'KARAWANG', '1993-05-10', 'L', 'Islam', 'CALUNG RT004/001 DESA KARANGMULYA KEC TELUK JAMBE BARAT, KARAWANG', '1', '3215271712130012', '0899 6262 409', 'supriadiza46@gmail.c', 'ESUM', 'RASAD', '20066464510', '0001516413666', '71.145.937.0-408.000', '12', '2022-04-13 02:35:31', NULL, NULL, NULL),
(53, 1, 1, '2001061', '3215031501960002', 'NANANG ABDULAH', 'KARAWANG', '1996-01-15', 'L', 'Islam', 'DUSUN BABAKAN RT 04/ 01 DESA PUSEURJAYA KEC. TELUKJAMBE TIMUR KAB. KARAWANG', '0', '3215031511070334', '0821 2499 9918', 'nanangabdulah015@gma', 'SARWI', 'RASDI', '20066464650', '0001524004211', '66.684.827.0-408.000', '12', '2022-04-13 02:36:27', NULL, NULL, NULL),
(54, 1, 1, '2002062', '3215261403890007', 'R.ALDINO IBNU SANJAYA', 'KARAWANG', '1989-03-14', 'L', 'Islam', 'JL.ASTER GURO II RT.003/023, KARAWANG WETAN, KARAWANG TIMUR, KARAWANG', '1', '3215261307120080', '0812 8349 8882', 'aldino14ibnu@gmail.c', 'LISMAWATI', 'BAMBANG SULISTYO', '20066464684', '0001516881069', '59.187.568.7-408.000', '12', '2022-04-13 02:38:52', NULL, NULL, NULL),
(55, 1, 1, '2002063', '3603282204640004', 'AGUNG BUDI SANTOSO', 'JAKARTA', '1964-04-22', 'L', 'Protestan', 'KP. BOJONG NANGKA RT.002/029, BOJONG NANGKA, KELAPA DUA, TANGERANG', '1', '3603282708120134', '0812 3380 5317', 'agungbsd9999@gmail.c', 'HARYANAH', 'SAMPURNO', '20041869320', '0001315648034', '47.527.966.7-061.000', '12', '2022-04-13 02:43:10', NULL, NULL, NULL),
(56, 1, 1, '2002064', '3672071507880005', 'SAFARIYUDIN', 'PULOMERAK', '1988-07-15', 'L', 'Islam', 'LINK PECINAN RT.002/001, PABEAN, PURWAKARTA, CILEGON', '0', '3672070710160005', '0812 1978 8081', 'safariyudin88@gmail.', 'SAMI\'AH', 'SAKIM', '20066464692', '', '72.106.305.5-417.000', '12', '2022-04-13 02:46:09', NULL, NULL, NULL),
(57, 1, 1, '2004065', '3305124510930008', 'ESTER PUTRI OKTAVIANA', 'KEBUMEN', '1993-10-05', 'P', 'Katolik', 'GG.SAWO NO.12 RT/.002/007, KEBUMEN, KEBUMEN, KEBUMEN', '0', '3305122011090013', '0822 9871 7513', 'putriester34@gmail.c', 'TURYATI', 'HERMAN ISKAK', '20066464676', '0001646898748', '98.182.861.9-523.000', '12', '2022-04-13 02:51:11', NULL, NULL, NULL),
(58, 1, 1, '2004066', '3310083004970001', 'MARGONO', 'KLATEN', '1997-04-30', 'L', 'Islam', 'KERGAN RT.010/RW.004, TAMBAKAN, JOGONALAN, KLATEN', '0', '3310081405060008', '0895 3839 19283', 'gogonkergan@gmail.co', 'SRI LESTARI', 'TEKAT', '20066464528', '0002020229638', '74.454.853.8-525.000', '12', '2022-04-13 02:52:25', NULL, NULL, NULL),
(59, 1, 1, '2005067', '3215011307880002', 'SAPTONI MULYO', 'KARAWANG', '1988-07-13', 'L', 'Islam', 'MAJA BARAT RT.014/003, MARGASARI, KARAWANG TIMUR, KARAWANG', '1', '3215262105130022', '0882 1964 7110', 'toninsitin@gmail.com', 'TJIJIH SUKARSIH', 'ZAENAL ABIDIN', '20066464668', '0001610816354', '71.116.263.6-408.000', '12', '2022-04-13 02:53:31', NULL, NULL, NULL),
(60, 1, 1, '2006068', '3215016305990006', 'ATIN DEWISURYAWATI', 'KARAWANG', '1999-05-23', 'P', 'Islam', 'PARACIS RT.002/011, TANJUNGPURA, KARAWANG BARAT, KARAWANG', '1', '3215010203100002', '0838 0673 1354', 'atindewisuryawati492', 'UNDEH RATNA DEWI', 'TRESNA SURYAWAN', '20066464536', '', '83.470.823.2-408.000', '12', '2022-04-13 02:54:29', NULL, NULL, NULL),
(61, 1, 1, '2007069', '3216092101750005', 'EDIPER RUDY ASLEN SINAGA', 'LUMBAN SINAGA', '1975-01-21', 'L', 'Katolik', 'JL.KEDASIH XI BLOK G1 NO.122, CIKARANG BARU, RT.003/008, MEKARMUKTI, CIKARANG UTARA, BEKASI', '1', '3216091812100448', '0813 1884 1148', 'ediper.bina@yahoo.co', 'R BR SIDABUTAR', 'TOGA SINAGA', '13031325320', '0001154281937', '49.727.077.7-414.000', '12', '2022-04-13 02:55:23', NULL, NULL, NULL),
(62, 1, 1, '2007070', '3215174502000001', 'SELA ANJANI', 'KARAWANG', '2000-02-05', 'P', 'Islam', 'DUSUN PASIRTALAGA II, RT.010/003, PASIRTALAGA, TELAGASARI, KARAWANG', '0', '3215172306080005', '0857 7688 0608', 'selaanjani55@gmail.c', 'TATI RAHMAWATI', 'AHMAD JAELANI', '20066464726', '0003131700006', '85.406.517.4-433.000', '12', '2022-04-13 02:56:20', NULL, NULL, NULL),
(63, 1, 1, '2012073', '3215033008940003', 'AGUS MULYANA', 'KARAWANG', '1994-08-30', 'L', 'Islam', 'DUSUN BABAKAN RT.003/001, PUSEUR JAYA, TELUKJAMBE TIMUR, KARAWANG', '0', '3215032111070107', '0815 8415 8624', 'hombeng.ns.nh@gmail.', 'EROH', 'MAMAN', '20066464742', '', '71.822.854.7-408.000', '12', '2022-04-13 02:57:22', NULL, NULL, NULL),
(64, 1, 1, '2101075', '3215012309910005', 'ROBY SUGARA', 'KARAWANG', '1991-09-22', 'L', 'Islam', 'JL.NAGASARI DALAM III NO.78, RT.002/001, NAGASARI, KARAWANG BARAT, KARAWANG', '1', '3215012604190005', '0895 1342 4423', 'sugara1933@gmail.com', 'NANI SUMARNI', 'SARDI PANDI', '20066464791', '', '93.433.497.0-408.000', '12', '2022-04-13 02:58:15', NULL, NULL, NULL),
(65, 1, 1, '2101078', '3310142603930001', 'MUH AFIFUDDIN', 'JAKARTA', '1996-03-26', 'L', 'Islam', 'DUSUN TEGALAN RT.006/002, JUWIRAN, JUWIRING, KLATEN', '0', '3310142505110003', '0822 1010 6896', 'zhafif.ibrahim.pasha', 'SRI WAHINI', 'SULAM', '21008118537', '', '80.776.563.1-525.000', '12', '2022-04-13 02:59:24', NULL, NULL, NULL),
(66, 1, 1, '2102079', '3215290910990002', 'ANGGA HARY SAPUTRO', 'BOYOLALI', '1999-10-09', 'L', 'Islam', 'PERUM CENGKONG B7/4 RT.002/RW.005, CENGKONG, PURWASARI, KARAWANG', '0', '3215291509070069', '0813 1080 0279', 'anggaharys12@gmail.c', 'SUPARNI', 'BAMBANG SRI HARYOKO', '20066464734', '', '90.101.454.8-433.000', '12', '2022-04-13 03:00:21', NULL, NULL, NULL),
(67, 1, 1, '2102081', '3215010102950010', 'KANDI MARDANI', 'KARAWANG', '1995-02-01', 'L', 'Islam', 'BABATON RT.001/023, KARANGPAWITAN, KARAWANG BARAT, KARAWANG', '1', '3215012004200013', '0895 3875 65777', 'kandimardani@gmail.c', 'KARWI', 'KASIM', '20066464759', '', '83.707.017.6-408.000', '12', '2022-04-13 03:01:15', NULL, NULL, NULL),
(68, 1, 1, '2103082', '3275016709020020', 'VANIA WINANDA S', 'JAKARTA', '2002-09-27', 'P', 'Katolik', 'PERUM MULYA PURI C3 RT.002/RW.008, DUREN JAYA, BEKASI TIMUR, BEKASI', '0', '3275010604160037', '0896 1432 1412', 'vaniawinandasantoso@', 'RONAULI MARBUN', 'WIDODO SANTOSO', '21014962175', '', '96.659.188.5-407.000', '12', '2022-04-13 03:02:14', NULL, NULL, NULL),
(69, 3, 1, '2111083', '3215061307920003', 'TANJUNG MUKHTAROM LUTFI', 'KARAWANG', '1992-07-13', 'L', 'Islam', 'DUSUN WANAJAYA RT.027/006, KALANGSARI, RENGASDENGKLOK, KARAWANG', '0', '3215060803180007', '0857 6970 0768', 'adreenasyakiera91@gm', 'SITI ASIYAH', 'ABDUL MUHIT', '20076737236', '', '90.674.101.2-408.000', '12', '2022-04-13 03:03:40', NULL, NULL, NULL),
(70, 1, 1, '001', '3201151506880001', 'IBNU NUGRAHA', 'BOGOR', '1988-06-15', 'L', 'Islam', 'JL.ANGGADA IV KP.TEGALWARU ATS, RT.003/002, TEGALWARU, CIAMPEA, BOGOR', '0', '3201152707060010', '0857 8174 6518', 'nugrahaibnu15@gmail.', 'SITI CHAERANI', 'YEYE SETIADI', '20066464809', '', '44.845.308.4-434.000', '12', '2022-04-13 03:05:18', NULL, NULL, NULL),
(71, 1, 1, '002', '3215031205950005', 'AZI ARIP MUBAROK', 'KARAWANG', '1995-05-12', 'L', 'Islam', 'DSN SUKAMAJU RT.007 RW.003 TELUKJAMBE, TELUKJAMBE TIMUR, KARAWANG', '1', '3215031412090005', '0896 6294 1845', 'ajimubarok12@gmail.c', 'ANI', 'KADA', '20066464775', '', '73.369.697.5-408.000', '12', '2022-04-13 03:06:17', NULL, NULL, NULL),
(72, 1, 1, '003', '3306091211980001', 'FANY AZIZ', 'PURWOREJO', '1998-11-12', 'L', 'Islam', 'DUSUN KENDAL RT.003/RW.006, SUREN, KUTOARJO, PURWOREJO', '0', '3306091108089994', '0858 6663 7770', 'fanyaziz88@gmail.com', 'WASIYAH', 'NGATIMAN', '20066464767', '', '82.349105.5-531.000', '12', '2022-04-13 03:08:03', NULL, NULL, NULL),
(73, 1, 1, '005', '3215030208010005', 'AGIH AGUSTIAR', 'KARAWANG', '2001-08-02', 'L', 'Islam', 'DUSUN KALIKALAPA RT.006/RW.003, SUKALUYU, TELUKJAMBE TIMUR, KARAWANG', '0', '3215032409080010', '0895 3756 89280', 'agihpandu02@gmail.co', 'IMI', 'ARIP', '20089511560', '', '41.508.957.2-408.000', '12', '2022-04-13 03:08:57', NULL, NULL, NULL),
(74, 1, 1, '007', '3215092202960002', 'MUHAMAD KHOERUL IQBAL', 'KARAWANG', '1996-02-22', 'L', 'Islam', 'DUSUN PULOSARI RT.017/RW.005, KALANGSURIA, RENGASDENGKLOK, KARAWANG', '1', '3215062010200002', '0857 1778 1116', 'ibelhansamuna07@gmai', 'PARIDAH', 'HARIRI', '21008118545', '', '72.021.531.8-408.000', '12', '2022-04-13 03:10:10', NULL, NULL, NULL),
(75, 1, 1, '008', '3215011707950002', 'DEDEN SOVIAN', 'KARAWANG', '1995-07-17', 'L', 'Islam', 'DUSUN KRAJAN RT.001/010, ADIARSA BARAT, KARAWANG BARAT, KARAWANG', '0', '3215011307070120', '0813 9877 2396', 'dedensovian01@gmail.', 'SUMI', 'ICIN', '21014962167', '', '55.746.138.1-408.000', '12', '2022-04-13 03:11:13', NULL, NULL, NULL),
(76, 1, 1, '009', '3215282008780003', 'DEDI SUARDI', 'KARAWANG', '1978-08-20', 'L', 'Islam', 'DUSUN SINAR MULYA RT.002/021, KARAWANG WETAN, KARAWANG TIMUR, KARAWANG', '1', '3215260307090007', '0857 1950 3625', 'dedisuardi995@gmail.', 'SAYATI', 'SUARDI', '21089535179', '', '53.387.514.2-408.000', '12', '2022-04-13 03:12:18', NULL, NULL, NULL),
(77, 1, 1, '010', '3215031601030003', 'DICKY PERMANA', 'KARAWANG', '2003-01-16', 'L', 'Islam', 'DUSUN RAWARENGAS RT.009/004, SUKALUYU, TELUKJAMBE TIMUR, KARAWANG', '0', '3215032410070226', '0896 0463 5509', 'dickyprmn73@gmail.co', 'MUNAYAH', 'SUPARNO', '22001103328', '', '63.429.078.7-408.000', '12', '2022-04-13 03:13:18', NULL, NULL, NULL),
(78, 1, 1, '-', '3671090610970002', 'KEVIN YUNIAR', 'JAKARTA', '1997-10-06', 'L', 'Katolik', 'JL.KALIMANTAN NO.728, LIPPO KARAWACI, RT.001/009, PANUNGGANGAN BARAT, CIBODAS, KOTA TANGERANG', '0', '-', '0815 8503 8642', 'KYUNIAR@BLASFOLIE-IN', '-', '-', '-', '-', '-', '12', '2022-04-13 03:14:18', NULL, NULL, NULL),
(79, 1, 1, '1609011', '3215150108880004', 'MUHAMMAD ENDANG ROHMAN', 'KARAWANG', '1988-08-07', 'L', 'Islam', 'Sari Mulya RT.001/005, Cilamaya,Cilamaya Wetan,Karawang', '1', '3215150102160001', '0812 8848 7368', 'bio.r710@gmail.com', 'ADE PARIQOH', 'SULAEMAN', '17014930394', '1010585979', '34.346.545.6-433.000', '12', '2022-04-13 03:15:14', NULL, NULL, NULL),
(80, 2, 2, '000', '000', 'ADMIN', 'Indonesia', '1945-08-17', 'L', 'Islam', 'Jawa Barat', '1', '000', '000', 'erp.blasfolie@gmail.', 'Hawa', 'Adam', '', '', '', '0', '2022-04-19 07:18:24', '2022-04-19 07:24:03', NULL, NULL);

-- --------------------------------------------------------

--
-- Struktur dari tabel `pendidikan`
--

CREATE TABLE `pendidikan` (
  `id` int(11) NOT NULL,
  `nama_pendidikan` varchar(25) NOT NULL,
  `created_at` datetime DEFAULT NULL,
  `updated_at` datetime DEFAULT NULL,
  `created_by` int(11) DEFAULT NULL,
  `updated_by` int(11) DEFAULT NULL
) ENGINE=InnoDB DEFAULT CHARSET=utf8mb4;

--
-- Dumping data untuk tabel `pendidikan`
--

INSERT INTO `pendidikan` (`id`, `nama_pendidikan`, `created_at`, `updated_at`, `created_by`, `updated_by`) VALUES
(1, 'SMA', '2022-03-31 09:21:50', '2022-03-31 09:22:04', NULL, NULL),
(2, 'SMK', '2022-03-31 09:21:54', NULL, NULL, NULL),
(3, 'STM', '2022-03-31 09:22:09', NULL, NULL, NULL),
(4, 'SMU', '2022-03-31 09:22:14', NULL, NULL, NULL);

-- --------------------------------------------------------

--
-- Struktur dari tabel `transcuti`
--

CREATE TABLE `transcuti` (
  `id` int(11) NOT NULL,
  `cuti_id` int(11) NOT NULL,
  `karyawan_id` int(11) DEFAULT NULL,
  `bukti_cuti` varchar(255) DEFAULT NULL,
  `mulai_cuti` date DEFAULT NULL,
  `selesai_cuti` date DEFAULT NULL,
  `cuti_in` decimal(2,1) DEFAULT NULL,
  `cuti_out` decimal(2,1) DEFAULT NULL,
  `telp` varchar(15) DEFAULT NULL,
  `keterangan` varchar(100) DEFAULT NULL,
  `approval_1` int(11) DEFAULT NULL,
  `approval_2` int(11) DEFAULT NULL,
  `approval_3` int(11) DEFAULT NULL,
  `approval_4` int(11) DEFAULT NULL,
  `approval_5` int(11) DEFAULT NULL,
  `status` int(11) NOT NULL,
  `created_at` datetime DEFAULT NULL,
  `updated_at` datetime DEFAULT NULL,
  `created_by` int(11) DEFAULT NULL,
  `updated_by` int(11) DEFAULT NULL
) ENGINE=InnoDB DEFAULT CHARSET=utf8mb4;

-- --------------------------------------------------------

--
-- Struktur dari tabel `user`
--

CREATE TABLE `user` (
  `id` int(11) NOT NULL,
  `karyawan_id` int(11) NOT NULL,
  `username` varchar(50) DEFAULT NULL,
  `password` varchar(255) DEFAULT NULL,
  `created_at` datetime DEFAULT NULL,
  `updated_at` datetime DEFAULT NULL,
  `created_by` int(11) DEFAULT NULL,
  `updated_by` int(11) DEFAULT NULL
) ENGINE=InnoDB DEFAULT CHARSET=utf8mb4;

--
-- Dumping data untuk tabel `user`
--

INSERT INTO `user` (`id`, `karyawan_id`, `username`, `password`, `created_at`, `updated_at`, `created_by`, `updated_by`) VALUES
(32, 80, 'admin', '$2y$10$SoIv2HbM6/hdpOG3VXCqFufiis0f4o2QOY/xgLD2jUzc0/3T8rypa', '2022-07-06 09:04:41', NULL, NULL, NULL),
(44, 28, 'achmad', '$2y$10$P1JIdzS5Mb7Ortuq8kcHE.uWoNjsHUHjD66fXX1pKjPBJ/A/a8WB6', '2022-07-07 09:55:02', NULL, NULL, NULL),
(45, 39, 'ageng', '$2y$10$04oYVjnj7uh5oD2bxpzo5OgLyfAphV6ysIDBtzH63GoYNQbiaGT9K', '2022-07-07 09:55:18', NULL, NULL, NULL),
(46, 55, 'agungb', '$2y$10$vja1R8DIIvba.vGAnLaRoOVTV7YOn4Akyj8baKmvcvkufsg/boXUO', '2022-07-07 09:55:28', NULL, NULL, NULL),
(47, 29, 'agungs', '$2y$10$WAs4759.04WNihDwZWCkt.tNi2do0MejaevzkTPh1Glmu6AW/ULme', '2022-07-07 09:55:40', NULL, NULL, NULL),
(48, 32, 'agungw', '$2y$10$i61n.RWJRppFiv3/Jy0QhOgmK9ODZBk1XEBRv/AxpbT3PkGPnNlsC', '2022-07-07 09:55:49', NULL, NULL, NULL),
(49, 63, 'agus', '$2y$10$YNvXYGAWuaVOmTQ9W3VOkeC7Vb0NVdfj1XPz7mfPId64130TFP9JG', '2022-07-07 09:55:59', NULL, NULL, NULL),
(50, 41, 'kosim', '$2y$10$ZgdzxZmD4357PLXkAFhMGugVC7inmlzlC/odG3mA./RVltD52lgee', '2022-07-07 09:56:12', NULL, NULL, NULL),
(51, 66, 'angga', '$2y$10$rI11U.2V2ujRzbJfqIo.6OAoi2tp2bkN7n45k8GSEbC98oIvcwiPe', '2022-07-07 09:56:45', NULL, NULL, NULL),
(52, 36, 'aris', '$2y$10$6KR8gpPbaRsK0vdnvESxu.RDN22WjQK8d1ygu7xQuA5xsX0UzvPUi', '2022-07-07 09:57:17', NULL, NULL, NULL),
(53, 37, 'asep', '$2y$10$reb..U1E9fObEl9p.HBClumj/vN5Zuvg5/6zeoHVj4.csQ7o3bxIS', '2022-07-07 09:57:30', NULL, NULL, NULL),
(54, 60, 'atin', '$2y$10$H5nj5ndvTvnSkfWTD2LEquKyxvd4d.e.pzWfYFqI17XJZJUq7Yyqi', '2022-07-07 09:57:44', NULL, NULL, NULL),
(55, 31, 'dating', '$2y$10$gU.qH34GZ0Jl8EUFIMfRE.8IFurOueyBzlOENmJSv4CahsEhCvEkO', '2022-07-07 09:57:56', NULL, NULL, NULL),
(56, 13, 'dedidarmawan', '$2y$10$wyk9mgxW.Z/3fx2F2K5rbOehmvjw4fHtyDEvunPS2ljeUKZ.uHjAu', '2022-07-07 09:58:20', NULL, NULL, NULL),
(57, 42, 'dedihanapi', '$2y$10$J6oKVqCeq5iIo2dMIABYsO8AatinaVWhN0RV00sD7xI5p.vj00Iou', '2022-07-07 09:58:35', NULL, NULL, NULL),
(58, 19, 'dzikri', '$2y$10$DRy0dum1SviMCmb9ReLOwu72sVySEFrGW5JNHpjVkD.k6xrRmjXYe', '2022-07-07 09:58:47', NULL, NULL, NULL),
(59, 15, 'edihasan', '$2y$10$S44JzqXFxxzDf/0WPcQKWOenewIPalk6XL.HAAaC6TEYTndvUbglm', '2022-07-07 09:59:01', NULL, NULL, NULL),
(60, 61, 'ediper', '$2y$10$UEMIECFF9jPG6QINurBeiO27CrQiybLRcNeWCemX4UWYTWiP8O.zW', '2022-07-07 09:59:10', NULL, NULL, NULL),
(61, 57, 'ester', '$2y$10$op9X9sQUjApGZz9HwML6FOcdRfFhI6o10iZWRFGrTePczazKrpDOS', '2022-07-07 09:59:22', NULL, NULL, NULL),
(62, 33, 'gugun', '$2y$10$dQ9BoIZEMrkJLSyH2An7f.XX.h8.q8ypzyIbhr2aWTcU/OR6goQPe', '2022-07-07 09:59:34', NULL, NULL, NULL),
(63, 16, 'hamdani', '$2y$10$aTx8ZCQERd8WkydfFbh6ourq3G0w5uypr81Iqpu7sAuUlec.flH5m', '2022-07-07 09:59:47', NULL, NULL, NULL),
(64, 38, 'handika', '$2y$10$JpfNITx3P3krm1.MdvD.K.UMijsoLhPIBFzzFkOI4/TVPmAneqocm', '2022-07-07 09:59:58', NULL, NULL, NULL),
(65, 30, 'hasanudin', '$2y$10$L53mCOV8MuBHxch9dCB1Bu7gU6joLkXYYi87l/VCm/LHuC4THNSd.', '2022-07-07 10:00:12', NULL, NULL, NULL),
(66, 14, 'huda', '$2y$10$fgjAwUbEXd7uRa2J/fPLOuikJwcGAx0bNGEM0EMjjV0K0AQG0390.', '2022-07-07 10:00:24', NULL, NULL, NULL),
(67, 46, 'intan', '$2y$10$V1Zwv5b7.1TkWuGJZlZdNODUxUvDppoI.Hzz2e42nh.NColoV9m/y', '2022-07-07 10:00:37', NULL, NULL, NULL),
(68, 50, 'irvan', '$2y$10$P4pm/k/nT.VEAcZwmkJpcOtTHYk2F6miCvDe29ui93Ljkaf0Mmwb6', '2022-07-07 10:00:50', NULL, NULL, NULL),
(69, 35, 'juwita', '$2y$10$MjFcCuxpYh2wmOb8U6iJcuylMBtKLMOKJE4dH3BdSGu1l9.Fesvsi', '2022-07-07 10:01:04', NULL, NULL, NULL),
(70, 67, 'kandi', '$2y$10$l1GDFepdXZKsgtMoqRlc/.HBcCiwlG8n9WOsh.XVonXe1uy2.Cdn6', '2022-07-07 10:01:31', NULL, NULL, NULL),
(71, 78, 'kevin', '$2y$10$9NXI6AC0T1UiS/OriD5loebop.zCjdZMFDcAAH1z3PZ1keMys/mP6', '2022-07-07 10:01:51', NULL, NULL, NULL),
(72, 34, 'kusnandi', '$2y$10$uC.y9.wgKNUWG6m.r01JMOVSyLNf9gJ9oP5KncfXZc4Ht0fZbn./m', '2022-07-07 10:02:04', NULL, NULL, NULL),
(73, 47, 'lia', '$2y$10$iw8fJjAZzyNrqKAJxUn/WORF39hLh4XWpWtgmMriJgcCBwxdNo6be', '2022-07-07 10:02:14', NULL, NULL, NULL),
(74, 58, 'margono', '$2y$10$1M.UGtCjYqYiGPelUjjqSe/rVUIBul8o9Ix9/S1KAyZhqn1Ht2sqi', '2022-07-07 10:02:26', NULL, NULL, NULL),
(75, 25, 'marno', '$2y$10$uT0s3g9c.9Qaj86KxStEu.d3bK.ErifPfORGSczhjomziMtg7Fm22', '2022-07-07 10:02:36', NULL, NULL, NULL),
(76, 65, 'afif', '$2y$10$7GjBvfQymLPGgl3VaOP.yuJqP6ZWR.7hmhh5Kx74P/pt9WzeeNzNm', '2022-07-07 10:02:48', NULL, NULL, NULL),
(77, 9, 'amri', '$2y$10$C29xzyJgBSWDWUojm0aL4u2gvHC6TafWGnS5WJoLK07UwNWrylpFG', '2022-07-07 10:03:00', NULL, NULL, NULL),
(78, 79, 'endang', '$2y$10$ZgPWStZQZ2u2QGEfOIWLZuiK/G0O5d4FbhT18uW1X.0td8/m2koRa', '2022-07-07 10:03:13', NULL, NULL, NULL),
(79, 43, 'munawir', '$2y$10$pNCxMK3sK41I68BE834tpum23IXx8PyqGyY0sq.qAyeVrMVT9x3.y', '2022-07-07 10:03:35', NULL, NULL, NULL),
(80, 27, 'nana', '$2y$10$mXuL1w73m3py9E3WxHwKHejsfUoLowwVtELmo5tYW2hoO20vUxPQ.', '2022-07-07 10:03:45', NULL, NULL, NULL),
(81, 53, 'nanang', '$2y$10$uTUalNA9seP.ssCr85LN0uG2jGzusYOyM0doIWdT6GFp1kLM3PT9O', '2022-07-07 10:04:08', NULL, NULL, NULL),
(82, 8, 'nurasid', '$2y$10$AqDLb0LWj2Z3gNxVBtak8u2Nxilw.pN1IQfrxci8aXAKqH/CHUdsC', '2022-07-07 10:04:42', NULL, NULL, NULL),
(83, 54, 'aldino', '$2y$10$iehabHlZSZ4NBDgjDOrBkepo4oeTw.3uG0VPFNIa/UStzjRvlFPVm', '2022-07-07 10:05:04', NULL, NULL, NULL),
(84, 18, 'raspin', '$2y$10$FruVyBrmlKwI63Yb1Hd0.O7JfqkeH0RygKjXCWjANoq5P4pykXfP6', '2022-07-07 10:05:21', NULL, NULL, NULL),
(85, 7, 'rizky', '$2y$10$KFipNfMX3FU1wlm.LVWKfeE9ID1UR59PKosWSycr2qKLp9F8xCLua', '2022-07-07 10:06:17', NULL, NULL, NULL),
(86, 64, 'roby', '$2y$10$i8D./RsBQlPBklkwrG5K7egKlJNwPUC/jahf35R4K72wguF3LiQYa', '2022-07-07 10:06:31', NULL, NULL, NULL),
(87, 45, 'romi', '$2y$10$a2PfLKeYPetc6r.62Rw/bueOnCuOHH7W/9bsggnNVHW8QFSje4fsu', '2022-07-07 10:06:48', NULL, NULL, NULL),
(88, 12, 'rommi', '$2y$10$jYReng2ICbDDmLpVsRjfhOELKgP7wSueXs/DexEJjyoWRqXgeHJ/G', '2022-07-07 10:07:27', NULL, NULL, NULL),
(89, 11, 'ropai', '$2y$10$kscgqJKrqqflj9./dUHFxOMFCj2W2HCREiqyN1YBXXQEg/XjzZp7O', '2022-07-07 10:07:42', NULL, NULL, NULL),
(90, 21, 'saeful', '$2y$10$whL5fbuJKWbn.rgHEu.Hf.g18h0Nqp1bnzaKvGop1kQ09n5/.7jwO', '2022-07-07 10:07:53', NULL, NULL, NULL),
(91, 56, 'safariyudin', '$2y$10$1JOMJE5kdoXkSeZBggwoDuk8kO25Z5GwbDyV6RY4u3Q1G4bTQq9YO', '2022-07-07 10:08:05', NULL, NULL, NULL),
(92, 20, 'samin', '$2y$10$tkfuB2Jg8s6KwvW1E4S//OwpHcVmK5uasDd7K2qNh7P.WiSgb.Y9q', '2022-07-07 10:08:16', NULL, NULL, NULL),
(93, 59, 'saptoni', '$2y$10$nxG/GPxg.qvGFMqB8eh/zOFkGx8lyRMNSsVtmqnZ1P4WKsRdXTbK6', '2022-07-07 10:08:33', NULL, NULL, NULL),
(94, 24, 'sartono', '$2y$10$xOR7sV3eWQXcB/XP9/oMnOjVD5xarv3BiXUWCZqbAejhCTxi27nhm', '2022-07-07 10:08:45', NULL, NULL, NULL),
(95, 49, 'siska', '$2y$10$S9akzBEYQdSz81O8RKcI1OI.dvQVoIagmhZKUXp2SIgnTWtOeB5b2', '2022-07-07 10:08:57', NULL, NULL, NULL),
(96, 52, 'aziz', '$2y$10$49DzSPPt3zbaz5OHNQlxDOX3cX3SabLDRiKW8PxkVpVnjy/EmmIju', '2022-07-07 10:09:16', NULL, NULL, NULL),
(97, 69, 'lutfi', '$2y$10$q/aP5h.1MJ7KQL.EDojIlubdybVEZUY/CGbwDRa5Vmoc8UYEkJ5oS', '2022-07-07 10:09:31', NULL, NULL, NULL),
(98, 44, 'tardiana', '$2y$10$c81X/bdoMcGNLyMDhVokr.uET8/7GZJSt5UqJgHFexGQJIcBF5HL6', '2022-07-07 10:09:48', NULL, NULL, NULL),
(99, 51, 'tedi', '$2y$10$QbyKUYjeu0bUJtkUx2Vi2OodWzFsOm6YCBG.Pp0PQeqyDVKPO4BqC', '2022-07-07 10:09:57', NULL, NULL, NULL),
(100, 17, 'ujang', '$2y$10$Hw8N1WeyKafZbS7lhaD.NeRmmh4VFnJXC5Xo50FJLeZY7IKGqRff.', '2022-07-07 10:10:09', NULL, NULL, NULL),
(101, 10, 'wakirno', '$2y$10$tGGtvQOgZ31nutYkuDckkeZlY3xTodPsJfzhQSlIQI4753qi5EhtO', '2022-07-07 10:10:19', NULL, NULL, NULL),
(102, 48, 'yandri', '$2y$10$05cpWEWGeJm3DB8M9DxYJO4YoR3EaMMvaXXXpGS9M.Jc1PkMvBOii', '2022-07-07 10:10:29', NULL, NULL, NULL),
(103, 62, 'sela', '$2y$10$HRZ/lCvRdwmTiZXJOq1NEungNfJzi2lYF/ixbQBrPn.lguy.riS9y', '2022-07-07 11:53:11', NULL, NULL, NULL);

--
-- Indexes for dumped tables
--

--
-- Indeks untuk tabel `cuti`
--
ALTER TABLE `cuti`
  ADD PRIMARY KEY (`id`);

--
-- Indeks untuk tabel `dept`
--
ALTER TABLE `dept`
  ADD PRIMARY KEY (`id`);

--
-- Indeks untuk tabel `group`
--
ALTER TABLE `group`
  ADD PRIMARY KEY (`id`),
  ADD KEY `fk_karyawan_cuti` (`karyawan_id`),
  ADD KEY `fk_dept` (`dept_id`),
  ADD KEY `fk_jabatan` (`jabatan_id`),
  ADD KEY `fk_atasan1` (`atasan_1`),
  ADD KEY `fk_atasan2` (`atasan_2`),
  ADD KEY `fk_atasan3` (`atasan_3`),
  ADD KEY `fk_atasan4` (`atasan_4`),
  ADD KEY `fk_atasan5` (`atasan_5`);

--
-- Indeks untuk tabel `jabatan`
--
ALTER TABLE `jabatan`
  ADD PRIMARY KEY (`id`);

--
-- Indeks untuk tabel `jurusan`
--
ALTER TABLE `jurusan`
  ADD PRIMARY KEY (`id`);

--
-- Indeks untuk tabel `karyawan`
--
ALTER TABLE `karyawan`
  ADD PRIMARY KEY (`id`),
  ADD KEY `fk_pendidikan` (`pendidikan_id`),
  ADD KEY `fk_jurusan` (`jurusan_id`);

--
-- Indeks untuk tabel `pendidikan`
--
ALTER TABLE `pendidikan`
  ADD PRIMARY KEY (`id`);

--
-- Indeks untuk tabel `transcuti`
--
ALTER TABLE `transcuti`
  ADD PRIMARY KEY (`id`),
  ADD KEY `fk_karyawan_transcuti` (`karyawan_id`),
  ADD KEY `fk_cuti` (`cuti_id`);

--
-- Indeks untuk tabel `user`
--
ALTER TABLE `user`
  ADD PRIMARY KEY (`id`),
  ADD KEY `fk_karyawan_user` (`karyawan_id`);

--
-- AUTO_INCREMENT untuk tabel yang dibuang
--

--
-- AUTO_INCREMENT untuk tabel `cuti`
--
ALTER TABLE `cuti`
  MODIFY `id` int(11) NOT NULL AUTO_INCREMENT, AUTO_INCREMENT=9;

--
-- AUTO_INCREMENT untuk tabel `dept`
--
ALTER TABLE `dept`
  MODIFY `id` int(11) NOT NULL AUTO_INCREMENT, AUTO_INCREMENT=12;

--
-- AUTO_INCREMENT untuk tabel `group`
--
ALTER TABLE `group`
  MODIFY `id` int(11) NOT NULL AUTO_INCREMENT, AUTO_INCREMENT=130;

--
-- AUTO_INCREMENT untuk tabel `jabatan`
--
ALTER TABLE `jabatan`
  MODIFY `id` int(11) NOT NULL AUTO_INCREMENT, AUTO_INCREMENT=11;

--
-- AUTO_INCREMENT untuk tabel `jurusan`
--
ALTER TABLE `jurusan`
  MODIFY `id` int(11) NOT NULL AUTO_INCREMENT, AUTO_INCREMENT=5;

--
-- AUTO_INCREMENT untuk tabel `karyawan`
--
ALTER TABLE `karyawan`
  MODIFY `id` int(11) NOT NULL AUTO_INCREMENT, AUTO_INCREMENT=81;

--
-- AUTO_INCREMENT untuk tabel `pendidikan`
--
ALTER TABLE `pendidikan`
  MODIFY `id` int(11) NOT NULL AUTO_INCREMENT, AUTO_INCREMENT=7;

--
-- AUTO_INCREMENT untuk tabel `transcuti`
--
ALTER TABLE `transcuti`
  MODIFY `id` int(11) NOT NULL AUTO_INCREMENT, AUTO_INCREMENT=142;

--
-- AUTO_INCREMENT untuk tabel `user`
--
ALTER TABLE `user`
  MODIFY `id` int(11) NOT NULL AUTO_INCREMENT, AUTO_INCREMENT=104;

--
-- Ketidakleluasaan untuk tabel pelimpahan (Dumped Tables)
--

--
-- Ketidakleluasaan untuk tabel `group`
--
ALTER TABLE `group`
  ADD CONSTRAINT `fk_atasan1` FOREIGN KEY (`atasan_1`) REFERENCES `karyawan` (`id`) ON UPDATE CASCADE,
  ADD CONSTRAINT `fk_atasan2` FOREIGN KEY (`atasan_2`) REFERENCES `karyawan` (`id`) ON UPDATE CASCADE,
  ADD CONSTRAINT `fk_atasan3` FOREIGN KEY (`atasan_3`) REFERENCES `karyawan` (`id`) ON UPDATE CASCADE,
  ADD CONSTRAINT `fk_atasan4` FOREIGN KEY (`atasan_4`) REFERENCES `karyawan` (`id`) ON UPDATE CASCADE,
  ADD CONSTRAINT `fk_atasan5` FOREIGN KEY (`atasan_5`) REFERENCES `karyawan` (`id`) ON UPDATE CASCADE,
  ADD CONSTRAINT `fk_dept` FOREIGN KEY (`dept_id`) REFERENCES `dept` (`id`) ON UPDATE CASCADE,
  ADD CONSTRAINT `fk_jabatan` FOREIGN KEY (`jabatan_id`) REFERENCES `jabatan` (`id`) ON UPDATE CASCADE,
  ADD CONSTRAINT `fk_karyawan_cuti` FOREIGN KEY (`karyawan_id`) REFERENCES `karyawan` (`id`) ON UPDATE CASCADE;

--
-- Ketidakleluasaan untuk tabel `karyawan`
--
ALTER TABLE `karyawan`
  ADD CONSTRAINT `fk_jurusan` FOREIGN KEY (`jurusan_id`) REFERENCES `jurusan` (`id`),
  ADD CONSTRAINT `fk_pendidikan` FOREIGN KEY (`pendidikan_id`) REFERENCES `pendidikan` (`id`);

--
-- Ketidakleluasaan untuk tabel `transcuti`
--
ALTER TABLE `transcuti`
  ADD CONSTRAINT `fk_cuti` FOREIGN KEY (`cuti_id`) REFERENCES `cuti` (`id`),
  ADD CONSTRAINT `fk_karyawan_transcuti` FOREIGN KEY (`karyawan_id`) REFERENCES `karyawan` (`id`);

--
-- Ketidakleluasaan untuk tabel `user`
--
ALTER TABLE `user`
  ADD CONSTRAINT `fk_karyawan_user` FOREIGN KEY (`karyawan_id`) REFERENCES `karyawan` (`id`);
COMMIT;

/*!40101 SET CHARACTER_SET_CLIENT=@OLD_CHARACTER_SET_CLIENT */;
/*!40101 SET CHARACTER_SET_RESULTS=@OLD_CHARACTER_SET_RESULTS */;
/*!40101 SET COLLATION_CONNECTION=@OLD_COLLATION_CONNECTION */;
